<?xml version="1.0" encoding="UTF-8"?>
<!DOCTYPE mapper PUBLIC "-//mybatis.org//DTD Mapper 3.0//EN" "http://mybatis.org/dtd/mybatis-3-mapper.dtd">
<mapper namespace="kr.or.mel.board.dao.BoardDao">

<select id="BoardList" resultType="kr.or.mel.board.vo.BoardVO">
SELECT BOARD_CD,
      BOARD_NM
FROM BOARD
</select>

<select id="BoardDetail" resultType="kr.or.mel.board.vo.BoardVO" parameterType="String">
SELECT BOARD_CD,
      BOARD_NM
FROM BOARD
WHERE BOARD_CD = #{boardCd}
</select>

<insert id="BoardInsert" parameterType="kr.or.mel.board.vo.BoardVO">
    <selectKey keyProperty="boardCd" resultType="String" order="BEFORE">
        SELECT 'BOARD' || LPAD(TO_NUMBER(SUBSTR(NVL(MAX(BOARD_CD), 'BOARD00'), 6, 2)) + 1, 2, '0')
        FROM BOARD
    </selectKey>
    INSERT INTO BOARD (
        BOARD_CD,
        BOARD_NM
    ) VALUES (
        #{boardCd},
        #{boardNm}
    )
</insert>

<update id="BoardUpdate" parameterType="kr.or.mel.board.vo.BoardVO">
UPDATE BOARD
SET BOARD_NM = #{boardNm}
WHERE BOARD_CD = #{boardCd}
</update>

<delete id="BoardDelete" parameterType="String">
DELETE FROM BOARD
WHERE BOARD_CD = #{boardCd}
</delete>

<!-- 댓글조회 -->
<select id="CmntList" resultType="kr.or.mel.mel.vo.CmntVO">
SELECT C.PST_NO
       ,C.CMNT_NO
       ,C.CMNT_CONT
FROM POSTING P 
    ,CMNT C
    ,BOARD B
WHERE B.BOARD_CD = #{boardCd}
AND P.PST_NO = C.PST_NO
</select >

<!-- 댓글등록 -->
<insert id="CmntInsert" parameterType="kr.or.mel.mel.vo.CmntVO">
 <selectKey keyProperty="cmntNo" resultType="String" order="BEFORE">
     SELECT 'CMNT_' || LPAD(TO_NUMBER(SUBSTR(NVL(MAX(CMNT_NO), 'CMNT_000'), 6, 3)) + 1, 3, '0')
	 FROM CMNT
  </selectKey>
INSERT INTO CMNT(
    CMNT_NO
    ,CMNT_CONT
    ,PST_NO
)
VALUES(
    #{cmntNo}
    ,#{cmntCont}
    ,'PST_001'
)
</insert>
</mapper>