<?xml version="1.0" encoding="UTF-8"?>
<!DOCTYPE mapper PUBLIC "-//mybatis.org//DTD Mapper 3.0//EN" "http://mybatis.org/dtd/mybatis-3-mapper.dtd">
<mapper namespace="kr.or.mel.mel.member.book.dao.BookDao">

<resultMap type="kr.or.mel.mel.vo.BookRecordVO" id="bookRecordMap" autoMapping="true">
	<id column="BOOK_RECORD_NO" property="bookRecordNo" />
	<association property="book" javaType="kr.or.mel.mel.vo.BookVO" autoMapping="true">
		<id column="ISBN" property="isbn"/>
	</association>
</resultMap>

<!-- 도서리스트 -->
<select id="bookList" resultType="kr.or.mel.mel.vo.BookVO">
SELECT 
  ISBN
, BOOK_NM
, BOOK_IMG
, AUTHOR
, PAGE
, TO_CHAR(PUBLIC_DATE,'YYYY-MM-DD') AS PUBLIC_DATE
, RETENT_QTY
, PRSNT_RETENT_QTY
, BOOK_CLSF_CD
FROM BOOK
WHERE DEL_YN = 'N'
</select>

<!-- 도서상세 -->
<select id="bookDetail" resultType="kr.or.mel.mel.vo.BookVO">
SELECT ISBN
    , BOOK_NM
    , BOOK_CONT
    , BOOK_IMG
    , AUTHOR
    , PAGE
    , TO_CHAR(PUBLIC_DATE,'YYYY-MM-DD') AS PUBLIC_DATE
    , RETENT_QTY
    , PRSNT_RETENT_QTY
    , BOOK_CLSF_CD
FROM BOOK
WHERE ISBN= #{isbn}
</select>

<!-- 도서대여 -->
<insert id="bookRental" parameterType="kr.or.mel.mel.vo.BookRecordVO">
<selectKey keyProperty="bookRecordNo" resultType="String" order="BEFORE">
SELECT 'R001' || LPAD(TO_NUMBER(SUBSTR(NVL(MAX(BOOK_RECORD_NO), 'R0010000'), 5, 4)) + 1, 4, '0')
FROM BOOK_RECORD
</selectKey>
INSERT INTO BOOK_RECORD(
    BOOK_RECORD_NO
    ,START_DATE
    ,END_DATE
    ,BOOK_CLSF_CD
    ,ISBN
    ,BOOK_RECORD_CD
    ,USER_ID
)VALUES(
    #{bookRecordNo}
    ,sysdate
    ,sysdate+3
    ,'kangmuri'
    ,#{isbn}
    ,'R001'
    ,#{userId}
)
</insert>

<!-- 대출되면 보유도서 수량 마이너스 -->
<update id="qtyMinus" parameterType="String">
UPDATE BOOK
SET PRSNT_RETENT_QTY = PRSNT_RETENT_QTY-1
WHERE ISBN = #{isbn}
</update>

<!-- 대출중인 도서리스트 -->
<!--대출 반납 둘다 같은 기록번호로 묶어주었고 모든기록번호에서 기록코드가 반납인 번호를 찾아서 그외의 번호만 출력되게 해줌-->
<select id="bookRentalList" resultMap="bookRecordMap" parameterType="String">
SELECT A.ISBN ISBN
	   ,A.BOOK_RECORD_NO BOOK_RECORD_NO
	   ,B.BOOK_NM BOOK_NM
	   ,B.BOOK_IMG BOOK_IMG
	   ,TO_CHAR(A.START_DATE,'YYYY-MM-DD') START_DATE
      ,TO_CHAR(A.END_DATE,'YYYY-MM-DD') END_DATE
FROM BOOK_RECORD A INNER JOIN BOOK B ON(A.ISBN = B.ISBN)
WHERE A.USER_ID = #{userId} 
AND A.BOOK_RECORD_NO NOT IN (SELECT BOOK_RECORD_NO
                            FROM BOOK_RECORD
                            WHERE USER_ID = #{userId} AND BOOK_RECORD_CD = 'R002')
</select>


<!-- 도서반납 -->
<insert id="bookReturn" parameterType="kr.or.mel.mel.vo.BookRecordVO">
INSERT INTO BOOK_RECORD(
    BOOK_RECORD_NO
    ,START_DATE
    ,END_DATE
    ,RETURN_DATE
    ,BOOK_CLSF_CD
    ,ISBN
    ,BOOK_RECORD_CD
    ,USER_ID
)VALUES(
    #{bookRecordNo}
    ,TO_DATE(#{startDate})
    ,TO_DATE(#{endDate})
    ,sysdate
    ,'kangmuri'
    ,#{isbn}
    ,'R002'
    ,#{userId}
)
</insert>

<!-- 반납되면 보유도서 수량 증가 -->
<update id="qtyAdd" parameterType="String">
UPDATE BOOK
SET PRSNT_RETENT_QTY = PRSNT_RETENT_QTY+1
WHERE ISBN = #{isbn}
</update>
</mapper>