<?xml version="1.0" encoding="UTF-8"?>
<!DOCTYPE tiles-definitions PUBLIC "-//Apache Software Foundation//DTD Tiles Configuration 3.0//EN" "http://tiles.apache.org/dtds/tiles-config_3_0.dtd" >
<tiles-definitions>
	<!-- 회원 템플릿  -->
	<definition name="parent" template="/WEB-INF/templateBS.jsp">
		<put-attribute name="preScript"
			value="/WEB-INF/includee/preScript.jsp" />
		<put-attribute name="header"
			value="/WEB-INF/includee/header.jsp" />
		<put-attribute name="leftMenu"
			value="/WEB-INF/includee/leftMenu.jsp" />

		<put-attribute name="footer"
			value="/WEB-INF/includee/footer.jsp" />
		<put-attribute name="postScript"
			value="/WEB-INF/includee/postScript.jsp" />
	</definition>
	
	<!-- 회원 -->
	<definition name="*" extends="parent"><!--name은 뷰이름  -->
		<put-attribute name="content"
			value="/WEB-INF/views/{1}.jsp" />	
	</definition>
	
	<!-- 관리자 템플릿  -->
	<definition name="parent2" template="/WEB-INF/templateBS2.jsp">
		<put-attribute name="preScript"
			value="/WEB-INF/includee/preScript.jsp" />
		<put-attribute name="header"
			value="/WEB-INF/includee/header.jsp" />
		<put-attribute name="leftMenu2"
			value="/WEB-INF/includee/leftMenu2.jsp" />

		<put-attribute name="footer"
			value="/WEB-INF/includee/footer.jsp" />
		<put-attribute name="postScript"
			value="/WEB-INF/includee/postScript.jsp" />
	</definition>
	
	<!-- 관리자 -->
	<definition name="admin/*" extends="parent2"><!--name은 뷰이름  -->
		<put-attribute name="content"
			value="/WEB-INF/views/admin/{1}.jsp" />	
	</definition>
	
	
</tiles-definitions>