<?xml version="1.0" encoding="UTF-8"?>
<beans xmlns="http://www.springframework.org/schema/beans"
	xmlns:xsi="http://www.w3.org/2001/XMLSchema-instance"
	xmlns:c="http://www.springframework.org/schema/c"
	xmlns:context="http://www.springframework.org/schema/context"
	xmlns:mvc="http://www.springframework.org/schema/mvc"
	xmlns:p="http://www.springframework.org/schema/p"
	xsi:schemaLocation="http://www.springframework.org/schema/mvc http://www.springframework.org/schema/mvc/spring-mvc-4.3.xsd
		http://www.springframework.org/schema/beans http://www.springframework.org/schema/beans/spring-beans-4.3.xsd
		http://www.springframework.org/schema/context http://www.springframework.org/schema/context/spring-context-4.3.xsd">

	<!-- 활성화 시켜야 각종 어노테이션들 쓸수있음 -->
	<mvc:annotation-driven></mvc:annotation-driven>
	
	<!-- JSON 형식으로 응답을 반환하기 위한것 -->
	<bean id="jsonView" class="org.springframework.web.servlet.view.json.MappingJackson2JsonView" />
	<!-- XML 형식으로 응답을 반환하기 위한  -->
	<bean id="xmlView" class="org.springframework.web.servlet.view.xml.MappingJackson2XmlView" />
	
	<!-- 타일즈 경로 설정 -->
	<mvc:tiles-configurer>
		<mvc:definitions location="/WEB-INF/tiles/*.xml"/>
	</mvc:tiles-configurer>
	
	<!-- Controller의 메서드에서 반환하는 문자열 앞 뒤에 붙힐 경로 정보를 셋팅한다. -->
	<mvc:view-resolvers>
	<!-- 클라이언트 요청 형식에 따라 뷰 선택 -->
		<mvc:content-negotiation>
		<!-- 기본 Accept 에따라 ajax쓸때 쓰는거-->
			<mvc:default-views>
				<ref bean="jsonView"/>
				<ref bean="xmlView"/>
			</mvc:default-views>
		</mvc:content-negotiation>
		<!-- 반환된 뷰 이름과 동일한 이름의 빈 -->
		<mvc:bean-name />
		<mvc:tiles/>
		<!-- JSP파일 경로 -->
		<mvc:jsp prefix="/WEB-INF/views/" suffix=".jsp"/>
	</mvc:view-resolvers>
	
	<!-- base-package아래에 있는 클래스들중 @controller 어노테이션이 붙은 클래스 빈으로 자동등록 -->
	<context:component-scan base-package="kr.or.mel.*" use-default-filters="false">
		<context:include-filter type="annotation" expression="org.springframework.stereotype.Controller"/>
		<context:include-filter type="annotation" expression="org.springframework.web.bind.annotation.ControllerAdvice"/>
	</context:component-scan>
	
	<!-- 정적 리소스 파일 맵핑 -->
	<mvc:resources location="/resources/" mapping="/resources/**"  cache-period="0"/>
</beans>